<?xml version="1.0" encoding="UTF-8"?>
<beans xmlns="http://www.springframework.org/schema/beans"
	xmlns:p="http://www.springframework.org/schema/p"
	xmlns:context="http://www.springframework.org/schema/context"
	xmlns:tx="http://www.springframework.org/schema/tx"
	xmlns:xsi="http://www.w3.org/2001/XMLSchema-instance"
	xsi:schemaLocation="
		http://www.springframework.org/schema/beans
		http://www.springframework.org/schema/beans/spring-beans-3.0.xsd
		http://www.springframework.org/schema/context
		http://www.springframework.org/schema/context/spring-context-3.0.xsd
		http://www.springframework.org/schema/tx
		http://www.springframework.org/schema/tx/spring-tx.xsd
		">

	<context:component-scan
		base-package="com.cg.ibs.loanmgmt" />
	<context:annotation-config />

	<bean id="dataSource"
		class="org.springframework.jdbc.datasource.DriverManagerDataSource">
		<property name="driverClassName"
			value="oracle.jdbc.OracleDriver" />
		<property name="url"
			value="jdbc:oracle:thin:@din51002694:1521:xe" />
		<property name="username" value="system" />
		<property name="password" value="Capgemini123" />
	</bean>

	<bean id="entityManagerFactory"
		class="org.springframework.orm.jpa.LocalContainerEntityManagerFactoryBean"
		p:packagesToScan="com.cg.ibs.loanmgmt.models"
		p:dataSource-ref="dataSource">
		<property name="jpaVendorAdapter">
			<bean
				class="org.springframework.orm.jpa.vendor.HibernateJpaVendorAdapter">
				<property name="generateDdl" value="true" />
				<property name="showSql" value="true" />
			</bean>
		</property>
	</bean>

	<!-- Transactions -->
	<bean id="transactionManager"
		class="org.springframework.orm.jpa.JpaTransactionManager">
		<property name="entityManagerFactory"
			ref="entityManagerFactory" />
	</bean>
	<!-- enable the configuration of transactional behavior based on annotations -->
	<tx:annotation-driven
		transaction-manager="transactionManager" />

</beans>